emoji,iso_lower,name
ğŸ‡¹ğŸ‡©,td,Chad
ğŸ‡¨ğŸ‡º,cu,Cuba
ğŸ‡«ğŸ‡¯,fj,Fiji
ğŸ‡¬ğŸ‡º,gu,Guam
ğŸ‡®ğŸ‡·,ir,Iran
ğŸ‡®ğŸ‡¶,iq,Iraq
ğŸ‡²ğŸ‡±,ml,Mali
ğŸ‡³ğŸ‡º,nu,Niue
ğŸ‡´ğŸ‡²,om,Oman
ğŸ‡µğŸ‡ª,pe,Peru
ğŸ‡¹ğŸ‡¬,tg,Togo
ğŸ‡¦ğŸ‡¼,aw,Aruba
ğŸ‡§ğŸ‡¯,bj,Benin
ğŸ‡¨ğŸ‡±,cl,Chile
ğŸ‡¨ğŸ‡³,cn,China
ğŸ‡¨ğŸ‡©,cd,Congo
ğŸ‡¨ğŸ‡¬,cg,Congo
ğŸ‡ªğŸ‡¬,eg,Egypt
ğŸ‡¬ğŸ‡¦,ga,Gabon
ğŸ‡¬ğŸ‡­,gh,Ghana
ğŸ‡­ğŸ‡¹,ht,Haiti
ğŸ‡®ğŸ‡³,in,India
ğŸ‡®ğŸ‡¹,it,Italy
ğŸ‡¯ğŸ‡µ,jp,Japan
ğŸ‡°ğŸ‡ª,ke,Kenya
ğŸ‡±ğŸ‡¾,ly,Libya
ğŸ‡²ğŸ‡´,mo,Macao
ğŸ‡²ğŸ‡¹,mt,Malta
ğŸ‡³ğŸ‡·,nr,Nauru
ğŸ‡³ğŸ‡µ,np,Nepal
ğŸ‡³ğŸ‡ª,ne,Niger
ğŸ‡µğŸ‡¼,pw,Palau
ğŸ‡¶ğŸ‡¦,qa,Qatar
ğŸ‡¼ğŸ‡¸,ws,Samoa
ğŸ‡ªğŸ‡¸,es,Spain
ğŸ‡¸ğŸ‡©,sd,Sudan
ğŸ‡¹ğŸ‡´,to,Tonga
ğŸ‡¾ğŸ‡ª,ye,Yemen
ğŸ‡¦ğŸ‡´,ao,Angola
ğŸ‡§ğŸ‡¿,bz,Belize
ğŸ‡§ğŸ‡¹,bt,Bhutan
ğŸ‡§ğŸ‡·,br,Brazil
ğŸ‡¨ğŸ‡¦,ca,Canada
ğŸ‡¨ğŸ‡¾,cy,Cyprus
ğŸ‡«ğŸ‡·,fr,France
ğŸ‡¬ğŸ‡²,gm,Gambia
ğŸ‡¬ğŸ‡·,gr,Greece
ğŸ‡¬ğŸ‡³,gn,Guinea
ğŸ‡¬ğŸ‡¾,gy,Guyana
ğŸ‡®ğŸ‡±,il,Israel
ğŸ‡¯ğŸ‡ª,je,Jersey
ğŸ‡¯ğŸ‡´,jo,Jordan
ğŸ‡°ğŸ‡¼,kw,Kuwait
ğŸ‡±ğŸ‡»,lv,Latvia
ğŸ‡²ğŸ‡¼,mw,Malawi
ğŸ‡²ğŸ‡½,mx,Mexico
ğŸ‡²ğŸ‡¨,mc,Monaco
ğŸ‡³ğŸ‡´,no,Norway
ğŸ‡µğŸ‡¦,pa,Panama
ğŸ‡µğŸ‡±,pl,Poland
ğŸ‡·ğŸ‡º,ru,Russia
ğŸ‡·ğŸ‡¼,rw,Rwanda
ğŸ‡·ğŸ‡¸,rs,Serbia
ğŸ‡¸ğŸ‡ª,se,Sweden
ğŸ‡¹ğŸ‡¼,tw,Taiwan
ğŸ‡¹ğŸ‡·,tr,Turkey
ğŸ‡¹ğŸ‡»,tv,Tuvalu
ğŸ‡ºğŸ‡¬,ug,Uganda
ğŸ‡¿ğŸ‡²,zm,Zambia
ğŸ‡¦ğŸ‡±,al,Albania
ğŸ‡©ğŸ‡¿,dz,Algeria
ğŸ‡¦ğŸ‡©,ad,Andorra
ğŸ‡¦ğŸ‡²,am,Armenia
ğŸ‡¦ğŸ‡¹,at,Austria
ğŸ‡§ğŸ‡¸,bs,Bahamas
ğŸ‡§ğŸ‡­,bh,Bahrain
ğŸ‡§ğŸ‡¾,by,Belarus
ğŸ‡§ğŸ‡ª,be,Belgium
ğŸ‡§ğŸ‡²,bm,Bermuda
ğŸ‡§ğŸ‡´,bo,Bolivia
ğŸ‡§ğŸ‡®,bi,Burundi
ğŸ‡°ğŸ‡²,km,Comoros
ğŸ‡­ğŸ‡·,hr,Croatia
ğŸ‡©ğŸ‡°,dk,Denmark
ğŸ‡ªğŸ‡¨,ec,Ecuador
ğŸ‡ªğŸ‡·,er,Eritrea
ğŸ‡ªğŸ‡ª,ee,Estonia
ğŸ‡«ğŸ‡®,fi,Finland
ğŸ‡¬ğŸ‡ª,ge,Georgia
ğŸ‡©ğŸ‡ª,de,Germany
ğŸ‡¬ğŸ‡©,gd,Grenada
ğŸ‡­ğŸ‡º,hu,Hungary
ğŸ‡®ğŸ‡¸,is,Iceland
ğŸ‡®ğŸ‡ª,ie,Ireland
ğŸ‡¯ğŸ‡²,jm,Jamaica
ğŸ‡±ğŸ‡§,lb,Lebanon
ğŸ‡±ğŸ‡¸,ls,Lesotho
ğŸ‡±ğŸ‡·,lr,Liberia
ğŸ‡¾ğŸ‡¹,yt,Mayotte
ğŸ‡²ğŸ‡©,md,Moldova
ğŸ‡²ğŸ‡¦,ma,Morocco
ğŸ‡²ğŸ‡²,mm,Myanmar
ğŸ‡³ğŸ‡¦,na,Namibia
ğŸ‡³ğŸ‡¬,ng,Nigeria
ğŸ‡·ğŸ‡´,ro,Romania
ğŸ‡¸ğŸ‡³,sn,Senegal
ğŸ‡¸ğŸ‡´,so,Somalia
ğŸ‡¹ğŸ‡°,tk,Tokelau
ğŸ‡¹ğŸ‡³,tn,Tunisia
ğŸ‡ºğŸ‡¦,ua,Ukraine
ğŸ‡ºğŸ‡¾,uy,Uruguay
ğŸ‡»ğŸ‡º,vu,Vanuatu
ğŸ‡¦ğŸ‡®,ai,Anguilla
ğŸ‡§ğŸ‡§,bb,Barbados
ğŸ‡§ğŸ‡¼,bw,Botswana
ğŸ‡§ğŸ‡¬,bg,Bulgaria
ğŸ‡°ğŸ‡­,kh,Cambodia
ğŸ‡¨ğŸ‡²,cm,Cameroon
ğŸ‡¨ğŸ‡´,co,Colombia
ğŸ‡¨ğŸ‡¼,cw,CuraÃ§ao
ğŸ‡©ğŸ‡¯,dj,Djibouti
ğŸ‡©ğŸ‡²,dm,Dominica
ğŸ‡ªğŸ‡¹,et,Ethiopia
ğŸ‡¬ğŸ‡¬,gg,Guernsey
ğŸ‡­ğŸ‡³,hn,Honduras
ğŸ‡°ğŸ‡®,ki,Kiribati
ğŸ‡²ğŸ‡¾,my,Malaysia
ğŸ‡²ğŸ‡»,mv,Maldives
ğŸ‡²ğŸ‡³,mn,Mongolia
ğŸ‡µğŸ‡°,pk,Pakistan
ğŸ‡µğŸ‡¾,py,Paraguay
ğŸ‡µğŸ‡³,pn,Pitcairn
ğŸ‡µğŸ‡¹,pt,Portugal
ğŸ‡·ğŸ‡ª,re,RÃ©union
ğŸ‡¸ğŸ‡°,sk,Slovakia
ğŸ‡¸ğŸ‡®,si,Slovenia
ğŸ‡¸ğŸ‡·,sr,Suriname
ğŸ‡¹ğŸ‡¿,tz,Tanzania
ğŸ‡¹ğŸ‡­,th,Thailand
ğŸ‡»ğŸ‡³,vn,Viet Nam
ğŸ‡¿ğŸ‡¼,zw,Zimbabwe
ğŸ‡¦ğŸ‡·,ar,Argentina
ğŸ‡¦ğŸ‡º,au,Australia
ğŸ‡¬ğŸ‡®,gi,Gibraltar
ğŸ‡¬ğŸ‡±,gl,Greenland
ğŸ‡¬ğŸ‡¹,gt,Guatemala
ğŸ‡­ğŸ‡°,hk,Hong Kong
ğŸ‡®ğŸ‡©,id,Indonesia
ğŸ‡±ğŸ‡¹,lt,Lithuania
ğŸ‡²ğŸ‡°,mk,Macedonia
ğŸ‡²ğŸ‡º,mu,Mauritius
ğŸ‡³ğŸ‡®,ni,Nicaragua
ğŸ‡¸ğŸ‡¬,sg,Singapore
ğŸ‡±ğŸ‡°,lk,Sri Lanka
ğŸ‡¸ğŸ‡¿,sz,Swaziland
ğŸ‡»ğŸ‡ª,ve,Venezuela
ğŸ‡¦ğŸ‡¶,aq,Antarctica
ğŸ‡¦ğŸ‡¿,az,Azerbaijan
ğŸ‡§ğŸ‡©,bd,Bangladesh
ğŸ‡¨ğŸ‡»,cv,Cape Verde
ğŸ‡¨ğŸ‡·,cr,Costa Rica
ğŸ‡¬ğŸ‡µ,gp,Guadeloupe
ğŸ‡°ğŸ‡¿,kz,Kazakhstan
ğŸ‡°ğŸ‡¬,kg,Kyrgyzstan
ğŸ‡±ğŸ‡º,lu,Luxembourg
ğŸ‡²ğŸ‡¬,mg,Madagascar
ğŸ‡²ğŸ‡¶,mq,Martinique
ğŸ‡²ğŸ‡·,mr,Mauritania
ğŸ‡«ğŸ‡²,fm,Micronesia
ğŸ‡²ğŸ‡ª,me,Montenegro
ğŸ‡²ğŸ‡¸,ms,Montserrat
ğŸ‡²ğŸ‡¿,mz,Mozambique
ğŸ‡¸ğŸ‡²,sm,San Marino
ğŸ‡¸ğŸ‡¨,sc,Seychelles
ğŸ‡¹ğŸ‡¯,tj,Tajikistan
ğŸ‡ºğŸ‡¿,uz,Uzbekistan
ğŸ‡¦ğŸ‡«,af,Afghanistan
ğŸ‡¸ğŸ‡»,sv,El Salvador
ğŸ‡®ğŸ‡²,im,Isle of Man
ğŸ‡³ğŸ‡±,nl,Netherlands
ğŸ‡³ğŸ‡¿,nz,New Zealand
ğŸ‡°ğŸ‡µ,kp,North Korea
ğŸ‡µğŸ‡­,ph,Philippines
ğŸ‡µğŸ‡·,pr,Puerto Rico
ğŸ‡±ğŸ‡¨,lc,Saint Lucia
ğŸ‡°ğŸ‡·,kr,South Korea
ğŸ‡¸ğŸ‡¸,ss,South Sudan
ğŸ‡¨ğŸ‡­,ch,Switzerland
ğŸ‡¹ğŸ‡±,tl,Timor-Leste
ğŸ‡§ğŸ‡«,bf,Burkina Faso
ğŸ‡¨ğŸ‡°,ck,Cook Islands
ğŸ‡¸ğŸ‡¦,sa,Saudi Arabia
ğŸ‡¸ğŸ‡±,sl,Sierra Leone
ğŸ‡¿ğŸ‡¦,za,South Africa
ğŸ‡¹ğŸ‡²,tm,Turkmenistan
ğŸ‡»ğŸ‡¦,va,Vatican City
ğŸ‡§ğŸ‡»,bv,Bouvet Island
ğŸ‡«ğŸ‡´,fo,Faroe Islands
ğŸ‡¬ğŸ‡«,gf,French Guiana
ğŸ‡¬ğŸ‡¼,gw,Guinea-Bissau
ğŸ‡±ğŸ‡®,li,Liechtenstein
ğŸ‡³ğŸ‡¨,nc,New Caledonia
ğŸ‡¬ğŸ‡¸,gs,South Georgia
ğŸ‡ºğŸ‡¸,us,United States
ğŸ‡¦ğŸ‡¸,as,American Samoa
ğŸ‡°ğŸ‡¾,ky,Cayman Islands
ğŸ‡¨ğŸ‡¿,cz,Czech Republic
ğŸ‡¨ğŸ‡®,ci,CÃ´te D'Ivoire
ğŸ‡³ğŸ‡«,nf,Norfolk Island
ğŸ‡¬ğŸ‡§,gb,United Kingdom
ğŸ‡ªğŸ‡­,eh,Western Sahara
ğŸ‡¦ğŸ‡½,ax,Ã…land Islands
ğŸ‡¸ğŸ‡§,sb,Solomon Islands
ğŸ‡¨ğŸ‡½,cx,Christmas Island
ğŸ‡µğŸ‡«,pf,French Polynesia
ğŸ‡²ğŸ‡­,mh,Marshall Islands
ğŸ‡µğŸ‡¬,pg,Papua New Guinea
ğŸ‡§ğŸ‡³,bn,Brunei Darussalam
ğŸ‡¬ğŸ‡¶,gq,Equatorial Guinea
ğŸ‡§ğŸ‡±,bl,Saint BarthÃ©lemy
ğŸ‡¼ğŸ‡«,wf,Wallis and Futuna
ğŸ‡©ğŸ‡´,do,Dominican Republic
ğŸ‡¦ğŸ‡¬,ag,Antigua and Barbuda
ğŸ‡¹ğŸ‡¹,tt,Trinidad and Tobago
ğŸ‡¸ğŸ‡¾,sy,Syrian Arab Republic
ğŸ‡¦ğŸ‡ª,ae,United Arab Emirates
ğŸ‡»ğŸ‡®,vi,"Virgin Islands, U.S."
ğŸ‡µğŸ‡¸,ps,Palestinian Territory
ğŸ‡°ğŸ‡³,kn,Saint Kitts and Nevis
ğŸ‡¸ğŸ‡¹,st,Sao Tome and Principe
ğŸ‡§ğŸ‡¦,ba,Bosnia and Herzegovina
ğŸ‡¸ğŸ‡¯,sj,Svalbard and Jan Mayen
ğŸ‡¨ğŸ‡¨,cc,Cocos (Keeling) Islands
ğŸ‡»ğŸ‡¬,vg,"Virgin Islands, British"
ğŸ‡¨ğŸ‡«,cf,Central African Republic
ğŸ‡²ğŸ‡µ,mp,Northern Mariana Islands
ğŸ‡¹ğŸ‡¨,tc,Turks and Caicos Islands
ğŸ‡µğŸ‡²,pm,Saint Pierre and Miquelon
ğŸ‡¸ğŸ‡½,sx,Sint Maarten (Dutch Part)
ğŸ‡²ğŸ‡«,mf,Saint Martin (French Part)
ğŸ‡«ğŸ‡°,fk,Falkland Islands (Malvinas)
ğŸ‡¹ğŸ‡«,tf,French Southern Territories
ğŸ‡®ğŸ‡´,io,British Indian Ocean Territory
ğŸ‡§ğŸ‡¶,bq,"Bonaire, Sint Eustatius and Saba"
ğŸ‡±ğŸ‡¦,la,Lao People's Democratic Republic
ğŸ‡»ğŸ‡¨,vc,Saint Vincent and The Grenadines
ğŸ‡­ğŸ‡²,hm,Heard Island and Mcdonald Islands
ğŸ‡ºğŸ‡²,um,United States Minor Outlying Islands
ğŸ‡¸ğŸ‡­,sh,"Saint Helena, Ascension and Tristan Da Cunha"
